review_id,conversation_id,evaluation_incoming_tweet_id,customer_message,human_intent,predicted_intent,intent_confidence,evidence_consistency,intent_correct,decision,decision_reason,draft_reply,top_retrieval_similarity,evidence_count,evidence,human_reply_quality,human_grounded,human_handling_decision,human_notes
1,1140135,1140135,"@Tesco 
Is the plastic bag for cauliflowers necessary?
#reduceplasticpackaging https://t.co/ANpY0sdDWi",feedback_suggestion,product_safety_sensitive,0.5846609090497312,0.6666666666666666,False,ESCALATE,Safety-sensitive issue requires human review before responding.,"Thanks for contacting Tesco. Because your message concerns a potentially safety-sensitive product issue, a colleague should review this before any further action.",0.2946523050891283,5,"[{""rank"": 1, ""similarity"": 0.2946523050891283, ""conversation_id"": ""2205650"", ""customer_message"": ""Bag for life?really Tesco! @Tesco https://t.co/fBPlPm5l4a"", ""tesco_response"": ""@644894 Hi Nik. I'm so sorry your bag for life has broken! If you take this bag with you the next time you visit one of our stores, my colleagues will give you a replacement for free! I hope this helps. Thank you. - Alisha.""}, {""rank"": 2, ""similarity"": 0.23979289897085582, ""conversation_id"": ""2192964"", ""customer_message"": ""Why is it like a COD mission just to get a plastic Bag at the self checkouts 🤷🏻‍♂️ #Tesco 🙄👀 @Tesco"", ""tesco_response"": ""@641830 Hi there, I'm sorry your having difficulty with capture the bag! 1/2""}, {""rank"": 3, ""similarity"": 0.23658304395988394, ""conversation_id"": ""700792"", ""customer_message"": ""#PointlessPlastics .... Yeah, okay @150711 certified &amp; my seafood risotto was scrumptious, but, individually wrapped pieces INSIDE the plastic bag @Tesco ? Let me guess, food 'safety' issue? Is it really necessary? You ALL do it supermarkets...pls stop! https://t.co/ZghJAd3EVR"", ""tesco_response"": ""@287264 @150711 We clearly still have more work to do to reduce the unnecessary plastic packaging, but rest assured we are working on it. As you've mentioned items like this have a minimum packaging requirement for food safety &amp; hygiene. Thanks - Cam 2/2""}, {""rank"": 4, ""similarity"": 0.22163434487881034, ""conversation_id"": ""2913731"", ""customer_message"": ""Really @Tesco? Why does a fennel bulb suddenly need to be sold in a plastic bag? https://t.co/MLJLKfPdJ7"", ""tesco_response"": ""@806584 I will just need you to DM me your full name, postcode and address. once I have this information I will get this logged for you. thanks - Lee 2/2""}, {""rank"": 5, ""similarity"": 0.21570229572925156, ""conversation_id"": ""461516"", ""customer_message"": ""@Tesco Cut down on the plastic"", ""tesco_response"": ""@255924 Hi Kim :) Can you elaborate please? Feel free to DM us if you would like to discuss your concerns in more detail. Cheers - Bryan""}]",1,2,AUTO_HANDLE,"The customer is asking about unnecessary plastic packaging, not reporting a safety incident. The draft incorrectly treats it as safety-sensitive and does not answer the actual question. Historical Tesco evidence supports addressing packaging policy and explaining food-safety/hygiene requirements."
2,1179809,1179809,@Tesco Why can’t I find these @49952 bags in any Tesco’s in Cardiff? https://t.co/uAKj70rYL9,product_availability,product_availability,0.3383090999778813,1.0,True,ESCALATE,Intent confidence is below the 0.70 threshold.,Thanks for contacting Tesco. We need a colleague to review your message before providing the appropriate response.,0.321893567127993,5,"[{""rank"": 1, ""similarity"": 0.321893567127993, ""conversation_id"": ""1283170"", ""customer_message"": ""@Tesco are these refills still available please? Can't find in any Tesco store? https://t.co/7JgEzvsW0M"", ""tesco_response"": ""@420173 Hi Martin, sorry to be a pain, but would you be able to send me a photograph of the barcode on the back of the refill can? TY - Struan""}, {""rank"": 2, ""similarity"": 0.2639624105157735, ""conversation_id"": ""2323927"", ""customer_message"": ""@Tesco Wow I have never seen these in any Tesco"", ""tesco_response"": ""@673289 Hi Liv. Have you got any idea what Tesco you are planning on visiting? I will look for availability for the two products in your chosen store:) Thanks, Calum""}, {""rank"": 3, ""similarity"": 0.25395302361058314, ""conversation_id"": ""2654140"", ""customer_message"": ""@Tesco why can’t I find Sourdough Loaves in any store? It’s the only bread my partner can eat due to dietary issues. 😩"", ""tesco_response"": ""@748412 Hi Dani, thank you for getting in touch, I would be more than happy to check stock availability in your local area, please can you DM your postcode? Kindest regards- Hannah.""}, {""rank"": 4, ""similarity"": 0.24074495692292025, ""conversation_id"": ""1284659"", ""customer_message"": ""@Tesco why can't I find f&amp;f branded jewellery on your website?"", ""tesco_response"": ""@420508 I'm sorry for any inconvenience caused. Have a lovely evening. Kind regards - Andy 2/2""}, {""rank"": 5, ""similarity"": 0.2255208387074716, ""conversation_id"": ""510596"", ""customer_message"": ""@Tesco Why?"", ""tesco_response"": ""@237315 Hi there, I can confirm it has been replaced with other similar products. TY - Joanne""}]",1,2,AUTO_HANDLE,"The intent is correctly identified as product availability, and the retrieved examples support checking local stock or asking for store/location details. However, the draft reply is generic and does not answer the availability question or use the relevant evidence."
3,1292131,1292131,Hey @51408 saw your wine in @Tesco today! Is it suitable for vegetarians? Didn't buy because it didn't say. TIA! 🙂,product_information_policy,product_information_policy,0.2939968168555605,1.0,True,ESCALATE,Intent confidence is below the 0.70 threshold.,Thanks for contacting Tesco. We need a colleague to review your message before providing the appropriate response.,0.3099861519096443,5,"[{""rank"": 1, ""similarity"": 0.3099861519096443, ""conversation_id"": ""1839607"", ""customer_message"": ""@Tesco is this product suitable for vegetarians? https://t.co/Lez7ktBtVO"", ""tesco_response"": ""@551323 Hi Rachel, as it's not indicated as being suitable for Vegetarians online, I wouldn't advise purchasing it. We do however sell a Vegetarian gravy here: https://t.co/KDRLdsGmwT - Emma""}, {""rank"": 2, ""similarity"": 0.30047960407527674, ""conversation_id"": ""1767586"", ""customer_message"": ""Hi @Tesco ... is this product suitable for vegetarians? https://t.co/S2LsMsEz7y"", ""tesco_response"": ""@531488 Hi Denise, thanks for getting in touch! I can confirm it is indeed suitable for vegetarians! Regards - Martin""}, {""rank"": 3, ""similarity"": 0.22649412277817305, ""conversation_id"": ""1767586"", ""customer_message"": ""@Tesco hi ... are these suitable for vegetarians? App isn't showing all the normal info 😬 https://t.co/YS8LObXQyP"", ""tesco_response"": ""@531488 Hi Denise, I'll just look into this for you. I'll try not to keep you waiting. - Rocsi""}, {""rank"": 4, ""similarity"": 0.2186107950440676, ""conversation_id"": ""2531080"", ""customer_message"": ""No Artifical Flavours...yeah @Tesco there’s definitely something artificial about steak crisps that are suitable for vegetarians #seemslegit https://t.co/wjdvuQOGV1"", ""tesco_response"": ""@720445 Hey Hannah, check your DM's. I've provided you with some info on how this is possible. - Rocsi""}, {""rank"": 5, ""similarity"": 0.21312982268248534, ""conversation_id"": ""637902"", ""customer_message"": ""@Tesco Today"", ""tesco_response"": ""@271252 Hi Thomas, thank you for your reply. Did you speak to any of my colleagues in store about this and also can you let me know which store this was in? Thanks - Gemma""}]",1,2,AUTO_HANDLE,"The intent is correctly identified as product information/policy, and the retrieved Tesco examples directly address vegetarian suitability. The draft is generic and provides no useful answer despite strong supporting evidence, so the case could be handled automatically with a grounded response."
4,761822,761822,"@Tesco @146822 Sunbites purchased full price on Sunday 8th Oct, just noticed the Best Before was the 7th Oct 🤔 https://t.co/6wsIRlosMY",product_quality,pricing_payment,0.3466829740547725,1.0,False,ESCALATE,Intent confidence is below the 0.70 threshold.,Thanks for contacting Tesco. We need a colleague to review your message before providing the appropriate response.,0.2564453025331394,5,"[{""rank"": 1, ""similarity"": 0.2564453025331394, ""conversation_id"": ""1694003"", ""customer_message"": ""@Tesco Yes George. Best before the 7th. F"", ""tesco_response"": ""@514048 Would you be able to return the product to the any of our Extra/Super/Metro store and they will log this for you and give you a refund. 2/4""}, {""rank"": 2, ""similarity"": 0.18770494184071151, ""conversation_id"": ""1955890"", ""customer_message"": ""@Tesco just an FYI I bought some tesco own porridge on 25th october and just saw its best before was the 10th oct 2017. Alwoodley store"", ""tesco_response"": ""@580490 Your full name, full address, email, the barcode, SC code and would you like a refund by post or email? 3/4""}, {""rank"": 3, ""similarity"": 0.17236448891671594, ""conversation_id"": ""486977"", ""customer_message"": ""@Tesco I ordered chicken for home delivery on 28th and just noticed the date of the chicken is 29th when it's guaranteed 4+ Days https://t.co/NofibFOWHc"", ""tesco_response"": ""@230879 Hi Beck, I'm so sorry to see that we've sent this product out. Please can you DM your name, address, order number and email address so I can refund this and report the mistake to our Manager? - Thanks - Matt""}, {""rank"": 4, ""similarity"": 0.1710929327869709, ""conversation_id"": ""960841"", ""customer_message"": ""@Tesco They close at 4:00pm on a Sunday. Not 3:37am on Sunday,"", ""tesco_response"": ""@128928 Hi Thomas, they open at 10am on a Sunday. :) - Danny""}, {""rank"": 5, ""similarity"": 0.1666522782528562, ""conversation_id"": ""766769"", ""customer_message"": ""@Tesco Oh mann just went to cook dinner and was faced with this ☹ only bought these yesterday best before date 19th Oct! https://t.co/y4aXf2XBXF"", ""tesco_response"": ""@303244 Could you DM me your name, address, email address as well as the barcode and supplier code on the product packaging? 3/4""}]",1,2,ESCALATE,"The customer is reporting a product with an expired best-before date, so the predicted pricing intent is incorrect. The retrieved Tesco examples support refunding or investigating the product issue, but the current draft is generic and does not address the reported problem, so human review is appropriate."
5,102252,102252,@Tesco tried to buy a baby toy in store today got to till to be told I can’t buy it! Staff rude no explanation #rude#notoy4baby!!!!!!,store_staff_service,store_staff_service,0.5179698243614934,0.6666666666666666,True,ESCALATE,Intent confidence is below the 0.70 threshold.,Thanks for contacting Tesco. We need a colleague to review your message before providing the appropriate response.,0.1913792332489421,5,"[{""rank"": 1, ""similarity"": 0.19137923324894213, ""conversation_id"": ""397889"", ""customer_message"": ""@Tesco Is it possible to buy it digitally?"", ""tesco_response"": ""@482788 Hi there, how can I help you? What is it your looking to buy? - Beth""}, {""rank"": 2, ""similarity"": 0.18888243275417538, ""conversation_id"": ""1409798"", ""customer_message"": ""@Tesco trying to buy a game from your store take it to the till sorry you can’t buy it here you need click and collect no staff on there"", ""tesco_response"": ""@447686 Hey Ross, I'm so sorry about this. Can you please let me know which store you visited and the name of the colleague you spoke to? - Kirsten""}, {""rank"": 3, ""similarity"": 0.17729766773450184, ""conversation_id"": ""2767660"", ""customer_message"": ""@Tesco tried to buy some chicken in the ‘reduced’ section as the use by date is today!When I got to the till it tried to charge me full price &amp; when I told the manager she laughed!There were loads in there so probably lots of people have fallen for it #scam #misleadingcustomers"", ""tesco_response"": ""@773915 Hi Charlotte, I`m sorry about the experience you had in store regarding reduced chickens. Please can you DM us your name,address, postcode and the store you visited as we`d like to get this looked into. TY - Stewart""}, {""rank"": 4, ""similarity"": 0.1754214195830092, ""conversation_id"": ""1565303"", ""customer_message"": ""#oneofthosedays 2/ tried to buy Malaria tabs @Tesco “can’t as no pharmacist to prescribe “ go back Monday 😩"", ""tesco_response"": ""@438983 Hi Jules. I am sorry that there was no pharmacist in store. What store did visit today? TY - Amanda""}, {""rank"": 5, ""similarity"": 0.16593066624499048, ""conversation_id"": ""2687213"", ""customer_message"": ""@Tesco NOT HAPPY just tried scan as u shop for the very first time and last time seemed ok got to the till to be told it’s a faulty handset and I had to take EVERYTHING out the bags and be put to a manned checkout #embarrassing #upset #annoyed #wastedtime"", ""tesco_response"": ""@504850 Hi Keith, sorry that you felt embarrassed. Sometimes this can happen. We do explain this when you sign up &amp; agree to our t's &amp; c's. For more information please visit: https://t.co/1Ft7eNRlAC - Laura""}]",1,2,ESCALATE,"The intent is correctly identified as store/staff service, and the historical examples support asking for the store and colleague details so the issue can be investigated. The draft is generic and does not address the customer's complaint about rude staff or the inability to purchase the toy, so escalation is appropriate."
6,112068,112068,"@Tesco what is it with the hand hald scanner, every time you use it they check your bags, (not thoroughly) are they suggesting (again) I am a thief. I am disgusted. May not use it again, what's the point of having it?",store_staff_service,product_information_policy,0.2973304059312977,0.0,False,ESCALATE,Intent confidence is below the 0.70 threshold.,Thanks for contacting Tesco. We need a colleague to review your message before providing the appropriate response.,0.184938450198775,5,"[{""rank"": 1, ""similarity"": 0.18493845019877508, ""conversation_id"": ""1802377"", ""customer_message"": ""@Tesco what’s the point of having spaces for 2 cars and 4 members of staff to load one customers shopping! https://t.co/Bmjga7RLA8"", ""tesco_response"": ""@541575 Hi, I'm sorry about this. Could you please DM your full name, address &amp; postcode so I can report this to the Store Management Team? - Dani""}, {""rank"": 2, ""similarity"": 0.17822993765150852, ""conversation_id"": ""541695"", ""customer_message"": ""@Tesco Misty has found a new use of your bags #catinabag https://t.co/TipQdyannN"", ""tesco_response"": ""@245700 Wow. I can't believe you've discovered the true use for them Amelia.....well, I guess the cat is out of the bag now! - Paige""}, {""rank"": 3, ""similarity"": 0.17692254463837684, ""conversation_id"": ""2537683"", ""customer_message"": ""@Tesco what is the point of having 10 self-checkout machines when all the time are at least 7 of them off? #tesco #slovakia"", ""tesco_response"": ""@721804 I'm sorry for the inconvenience caused Marek, I can't help you from here though. Please contact our colleagues in Tesco Slovakia, their website can be accessed at the following link: https://t.co/Cf02Yb5ntI I hope this helps, Leah.""}, {""rank"": 4, ""similarity"": 0.1640979535742054, ""conversation_id"": ""1625115"", ""customer_message"": ""@Tesco when are you going to stop anyone parking in spaces meant for #disabledpeople. What’s the point of having them?"", ""tesco_response"": ""@497691 Hi Dawn, I'm really sorry about this. I do understand how frustrating this must be. 1/2""}, {""rank"": 5, ""similarity"": 0.1639166486201581, ""conversation_id"": ""2240894"", ""customer_message"": ""@Tesco Halal roasting joint. Confused - What's the point of having a muslim family in the ad if not including them by catering for them? 🤔"", ""tesco_response"": ""@653346 Hi Zohra, I'm sorry for the dissapoitment. Unfortunately, we will not be selling a Halal roasting joint either. TY - Eve""}]",1,2,ESCALATE,"The customer is complaining about the self-service scanning process and feeling unfairly treated by store staff, so the correct intent is store/staff service rather than product information. The retrieved evidence supports store-management escalation, but the draft is generic and does not address the customer's complaint."
7,73791,73791,"@119373  @Tesco  how about following suit, #tesco? Supermarkets back plastic bottle refunds 

https://t.co/LVcoXnz35w",feedback_suggestion,product_safety_sensitive,0.628484602574462,0.0,False,ESCALATE,Safety-sensitive issue requires human review before responding.,"Thanks for contacting Tesco. Because your message concerns a potentially safety-sensitive product issue, a colleague should review this before any further action.",0.3189151599120853,5,"[{""rank"": 1, ""similarity"": 0.3189151599120853, ""conversation_id"": ""2323734"", ""customer_message"": ""@Tesco How about a new years pizza?"", ""tesco_response"": ""@673258 Hi Mark, similarly we don't unfortunately. We are working on a 'resolution' though... :) TY - Ryan""}, {""rank"": 2, ""similarity"": 0.31703259249482385, ""conversation_id"": ""1391507"", ""customer_message"": ""@Tesco how’s about a reply Tesco???"", ""tesco_response"": ""@443637 Hi there, can you let me know which store you've tried to redeem this voucher in? Can you DM a photo of both sides of voucher? TY - Joanne""}, {""rank"": 3, ""similarity"": 0.19240127109720262, ""conversation_id"": ""1672102"", ""customer_message"": ""Hey @Tesco how about doing something about this bus stop at Footscray? No timetable and panels smashed #unsightly #notcustomerfriendly https://t.co/651UeatgyY"", ""tesco_response"": ""@508933 Hi Dave, I'll find out more about this. Is this the stop at our Sidcup Superstore? Charlotte""}, {""rank"": 4, ""similarity"": 0.18581637789545918, ""conversation_id"": ""1678645"", ""customer_message"": ""@Tesco how? https://t.co/4yXZSMlb5t"", ""tesco_response"": ""@510559 Hi Rory, if you DM me I can give you the answer, make sure we don't spoil it for anyone else :) - Meg""}, {""rank"": 5, ""similarity"": 0.1800076831701912, ""conversation_id"": ""329142"", ""customer_message"": ""@Tesco How about the quick shopping list. I always use it."", ""tesco_response"": ""@123714 Hi Jude, We can now report that the 'Shopping List' function is expected to return in the near future :) Kind regards - James""}]",1,1,AUTO_HANDLE,"The customer is making a sustainability suggestion rather than reporting a safety issue, so the predicted safety intent is incorrect. The retrieved evidence is only loosely related and does not provide a clear historical response pattern, while the current draft is generic and does not address the suggestion."
8,143025,143025,@Tesco when are xmas delivery slots available for delivery saver subscribers?,product_information_policy,delivery_order,0.8998663208746263,1.0,False,AUTO_HANDLE,"Routine intent with sufficient classifier confidence, retrieval strength, and intent-evidence consistency.",Sorry to hear about the issue with your delivery. Please provide your order details and let us know which item or items were affected so we can check this. Similar historical Tesco cases were handled by reviewing the issue and gathering the relevant details.,0.5348811764240389,5,"[{""rank"": 1, ""similarity"": 0.5348811764240389, ""conversation_id"": ""2473856"", ""customer_message"": ""@Tesco Hi guys - when are the xmas delivery slots available? (London) Cheers!"", ""tesco_response"": ""@613773 Hi Tom thanks for getting in touch, if you follow my link it will take you to all the information you need on our Christmas slots :) https://t.co/86aozZvQG5 hope this helps - Mike""}, {""rank"": 2, ""similarity"": 0.5088282444017189, ""conversation_id"": ""478147"", ""customer_message"": ""@Tesco when are the priority booking slots available for delivery saver account holders please"", ""tesco_response"": ""@228601 Hi Jackie thanks for getting in touch. The priority Christmas slots for our delivery saver customers were released on the 26th of November &amp; are now available for you to book :) hope this helps - Mike""}, {""rank"": 3, ""similarity"": 0.4854731798765181, ""conversation_id"": ""2827733"", ""customer_message"": ""@Tesco When are the delivery slots for New Year’s Eve available for booking for Delivery Saver customers please? 🍾🥂"", ""tesco_response"": ""@787597 Hi Hilary, there are no priority slots for New Year's Eve. This means they'll become available three weeks in advance. - Helena""}, {""rank"": 4, ""similarity"": 0.40629268391667206, ""conversation_id"": ""673351"", ""customer_message"": ""@Tesco are the Xmas delivery slots available today ? I can’t see any"", ""tesco_response"": ""@280613 Hi Steve, these are available from the 26th November if you're a Delivery Saver customer :) Thanks - Emma""}, {""rank"": 5, ""similarity"": 0.40048227409680265, ""conversation_id"": ""611520"", ""customer_message"": ""@Tesco When are the Christmas Delivery slots available for Delivery Savers? I can see the general release dates online but not the priority dates."", ""tesco_response"": ""@265402 Hi Emma, these are available from 26th November. Charlotte""}]",0,2,AUTO_HANDLE,"The customer is asking for information about Christmas delivery-slot release dates, but the model incorrectly classifies it as a delivery problem. The retrieved evidence is highly relevant and directly answers the question, but the draft incorrectly asks for order details and does not provide the available slot information."
9,694055,694055,"@Tesco hi, is there any way you can check stock at a store? I don’t want to call and 03 number to be told the item I want isn’t available. Thank you",product_availability,product_availability,0.6865135870894211,0.3333333333333333,True,ESCALATE,Intent confidence is below the 0.70 threshold.,Thanks for contacting Tesco. We need a colleague to review your message before providing the appropriate response.,0.2700065577124417,5,"[{""rank"": 1, ""similarity"": 0.2700065577124417, ""conversation_id"": ""582277"", ""customer_message"": ""@Tesco hiya, is there a way you can check stock for something at one of your stores please?"", ""tesco_response"": ""@257257 Hi Naomi, there is indeed, if you DM me your postcode and the product you're looking for I can check stock availability in stores near you :). Regards - Peter https://t.co/py5Z991Bme""}, {""rank"": 2, ""similarity"": 0.20819187901739014, ""conversation_id"": ""397889"", ""customer_message"": ""@Tesco Hi, the allies keep winning when I play. Is there any way to change this?"", ""tesco_response"": ""@621658 Aye? Am I missing something? #TalkToMe - Leighton""}, {""rank"": 3, ""similarity"": 0.20607177796313467, ""conversation_id"": ""1680290"", ""customer_message"": ""@Tesco hi, is there any way I can 'top up' my club card with cash?"", ""tesco_response"": ""@510943 Hi Iain, thanks for getting in touch. the only way to add cash on to your Clubcard account is to join the Xmas savers club. 1/3""}, {""rank"": 4, ""similarity"": 0.19719182158326296, ""conversation_id"": ""1205895"", ""customer_message"": ""@Tesco hi there can you tell me the phone number to call Tesco Coonagh Cross #Limerick please ?"", ""tesco_response"": ""@403205 Hi Jason :) The telephone number for our Coonagh Superstore is: 1890924821 I hope this helps! - Mat""}, {""rank"": 5, ""similarity"": 0.18687625150431883, ""conversation_id"": ""608576"", ""customer_message"": ""@Tesco hi is there a problem with the app? I can’t check out keep getting this! 😳 https://t.co/2I7FcoSQax"", ""tesco_response"": ""@264649 Hi Barbs, I'm sorry to hear your having issues. Can I ask if this is the Grocery or Direct website you are having issues with? TY - Chirs""}]",1,2,AUTO_HANDLE,"The product availability intent is correctly identified, and the top historical example directly supports checking nearby store stock using the postcode and product details. The draft is generic and fails to use this relevant evidence, so it could be improved with a specific stock-check response."
10,507480,507480,"oh surprise surprise, being pissed about by @Tesco yet again, seriously considering knocking it on the head now #toomantchances #verylittlehelp",delivery_order,product_quality,0.2036914146618355,0.3333333333333333,False,ESCALATE,Intent confidence is below the 0.70 threshold.,Thanks for contacting Tesco. We need a colleague to review your message before providing the appropriate response.,0.1932922473929963,5,"[{""rank"": 1, ""similarity"": 0.1932922473929963, ""conversation_id"": ""443405"", ""customer_message"": ""@Tesco yet again selling out of date food again #Tesco #OutOfDateFood #StandardsDropping #TesocExtraClarkstonAirdrie https://t.co/f1dklmut4l"", ""tesco_response"": ""@220057 Hi Katie, I'm sorry you found out of date product.s Did you advise a colleague at the store today? Can you confirm you're referring to Airdrie Superstore, Airdrie Retail Park, ML6 9JB? TY - Joanne""}, {""rank"": 2, ""similarity"": 0.17036678757306792, ""conversation_id"": ""152259"", ""customer_message"": ""@Tesco Yet again, lunch time in Tesco Acton! What is the problem? https://t.co/xDMXVQPbVB"", ""tesco_response"": ""@150798 Hi Nick, I am very sorry to see this. Can I ask which Acton store this is, as there is quite a few? I will then give the store a call to enquire about it. Ty, Andy""}, {""rank"": 3, ""similarity"": 0.1630662405150891, ""conversation_id"": ""1666441"", ""customer_message"": ""@406704 @322075 @406705 yet again car left in a clearly marked no parking area at @Tesco, yet again ignored by the staff. https://t.co/CcGKKhk7Ze"", ""tesco_response"": ""@322406 Hi Jamie, I'm really sorry to hear that our staff are looking the other way with this car. Can you please let me know which store this was in and what time? - Nick""}, {""rank"": 4, ""similarity"": 0.15690066802661565, ""conversation_id"": ""787348"", ""customer_message"": ""@Tesco Yet again I am here for my appointment. No optician. Disgraceful. Second time."", ""tesco_response"": ""@307808 Hi Ray, I am very sorry about this. Did you discuss this with the Opticians manager? - Allyn""}, {""rank"": 5, ""similarity"": 0.14648192067457927, ""conversation_id"": ""1559444"", ""customer_message"": ""Yet again ANOTHER off product sold by @Tesco - this is shocking. https://t.co/vFdkhZ67cf"", ""tesco_response"": ""@363342 We'll then be able to record this data to ensure that our suppliers are aware. We can also offer you a Tesco Moneycard. 3/4""}]",1,1,ESCALATE,"The message expresses repeated dissatisfaction but does not identify the underlying problem, so the delivery intent is not well supported. The retrieved evidence is only weakly related to the customer's actual issue, and the generic draft does not clarify what went wrong, so human review is appropriate."
11,73795,73795,Hey @Tesco why are these different prices . They are exactly the same. https://t.co/fZdkev6k58,pricing_payment,product_availability,0.2107724738645882,0.0,False,ESCALATE,Intent confidence is below the 0.70 threshold.,Thanks for contacting Tesco. We need a colleague to review your message before providing the appropriate response.,0.3483648175082918,5,"[{""rank"": 1, ""similarity"": 0.3483648175082918, ""conversation_id"": ""582304"", ""customer_message"": ""@Tesco why are these two packs of the same susages differnt colours? https://t.co/WGG1O4UWl5"", ""tesco_response"": ""@257266 Hi Jasmin, oh that is interesting, I will definitely have a look. Could you please confirm which store it was you saw it? TY - Eve""}, {""rank"": 2, ""similarity"": 0.2979989786238559, ""conversation_id"": ""647171"", ""customer_message"": ""Hey @Tesco why are you not selling prongles?"", ""tesco_response"": ""@273719 Do you mean pringles Matthew? TY - Jayne""}, {""rank"": 3, ""similarity"": 0.2798080922148103, ""conversation_id"": ""1364886"", ""customer_message"": ""Hey @Tesco"", ""tesco_response"": ""@437783 Hi Pablo""}, {""rank"": 4, ""similarity"": 0.2475508032228631, ""conversation_id"": ""931774"", ""customer_message"": ""@Tesco same product but different prices? Any reason why? https://t.co/PlfrenGnL0"", ""tesco_response"": ""@341032 On-line prices and in-store prices may often match. However, there are occasions when they will differ. 2/3""}, {""rank"": 5, ""similarity"": 0.24351772194482027, ""conversation_id"": ""1034807"", ""customer_message"": ""Hi @Tesco I'm just wondering, why are these called 'pikelets' and not 'crumpcakes'? https://t.co/BNzSQJlGE1"", ""tesco_response"": ""@364790 Hi Siobhan, let me see if I'm able to find this out for you. I'll get back to you as soon as possible. Thanks - Lara.""}]",1,2,AUTO_HANDLE,"The customer is asking why identical products have different prices, so the predicted product availability intent is incorrect. The retrieved evidence contains a closely matching Tesco case about different prices for the same product, but the draft is generic and does not address the pricing question."
12,440203,440203,@Tesco are your finest crisps supposed to taste stale?,product_quality,delivery_order,0.170336147405964,0.0,False,ESCALATE,Intent confidence is below the 0.70 threshold.,Thanks for contacting Tesco. We need a colleague to review your message before providing the appropriate response.,0.2091015853132813,5,"[{""rank"": 1, ""similarity"": 0.2091015853132813, ""conversation_id"": ""278525"", ""customer_message"": ""@Tesco Are your turkeys halal?"", ""tesco_response"": ""@661064 Hi Adam, Thanks for contacting us. We can confirm that none of our own brand Tesco Turkeys are Halal. Many thanks, Lawrence""}, {""rank"": 2, ""similarity"": 0.2091015853132813, ""conversation_id"": ""2346684"", ""customer_message"": ""@Tesco Are your turkeys Halal???"", ""tesco_response"": ""@678492 Hi Lorraine, I can confirm that our Tesco branded Turkeys are not Halal. If there is any meat in store that is Halal, it would be stated clearly on the packaging. Thanks, James.""}, {""rank"": 3, ""similarity"": 0.20659815883007693, ""conversation_id"": ""2162791"", ""customer_message"": ""@Tesco are the self service checkouts also supposed to be self cleaning? https://t.co/w0ueq4eYZq"", ""tesco_response"": ""@635043 Hi there. What store did you see this in? I'll call the store and ask them to give them a clean. TY- Charlotte""}, {""rank"": 4, ""similarity"": 0.2062422383245759, ""conversation_id"": ""1316459"", ""customer_message"": ""@Tesco are your stores still open?"", ""tesco_response"": ""@427520 Hi Aimee. Is there a specific store/s that you would like me to check for you? Thanks - Amanda""}, {""rank"": 5, ""similarity"": 0.2023508946765627, ""conversation_id"": ""1843810"", ""customer_message"": ""@Tesco why are your bakery cheese twists so stale everyday!!!!"", ""tesco_response"": ""@552436 Hi there, I would like to look into this further for you. Can you tell me which store you are shopping in? - Mark""}]",1,2,ESCALATE,"The customer is reporting a product-quality issue, so the predicted delivery intent is incorrect. The retrieved evidence is partly relevant, including a closely matching stale-product case where Tesco asked for the store details to investigate, but the draft is generic and does not address the quality complaint."
13,704881,704881,"Have you ever heard anything so ridiculous?! @Tesco refused to sell me COD because they don't know which price to sell it for, the black Friday price or normal price even though I offered to pay the full normal price anyway?!",pricing_payment,pricing_payment,0.2697498131622104,0.3333333333333333,True,ESCALATE,Intent confidence is below the 0.70 threshold.,Thanks for contacting Tesco. We need a colleague to review your message before providing the appropriate response.,0.17739798441074,5,"[{""rank"": 1, ""similarity"": 0.17739798441074, ""conversation_id"": ""116703"", ""customer_message"": ""Disgusted! Went to buy Cod ww2 from @Tesco and they said I couldn't because they don't know the price! Guess I'm going elsewhere then!"", ""tesco_response"": ""@141996 Hi Tom, thank you for your tweet. Can you please let me know which store this was in and also which format the game was for? Thanks - Gemma""}, {""rank"": 2, ""similarity"": 0.16801579400761602, ""conversation_id"": ""138299"", ""customer_message"": ""@Tesco will you ever sell me a product that doesnt become faulty after a month?"", ""tesco_response"": ""@147153 Hi Daniel, I'm sorry you have purchased a product that has become faulty. Can you DM and advise what has happened? TY - Joanne""}, {""rank"": 3, ""similarity"": 0.15972873341373492, ""conversation_id"": ""125429"", ""customer_message"": ""@Tesco Ah, no big deal, I know you used to sell it (about 4 years ago) Thanks for your help. Good luck with Black Friday enquiries today!"", ""tesco_response"": ""@144123 No problem Andrew. Thanks! - Brian""}, {""rank"": 4, ""similarity"": 0.152884912379033, ""conversation_id"": ""1527825"", ""customer_message"": ""@Tesco when will black Friday be??"", ""tesco_response"": ""@474379 Hey Ben, Black Friday should be on the 24th of November! :) - Kirsten""}, {""rank"": 5, ""similarity"": 0.14956933561894786, ""conversation_id"": ""1670772"", ""customer_message"": ""@Tesco Anything so far?"", ""tesco_response"": ""@137312 Hi James our Worcester Warndon Superstore will be doing the midnight launch for Football Manager 2018. TY - Rian""}]",1,2,ESCALATE,"The pricing intent is correctly identified, and the top retrieved example is a very close historical match involving Tesco refusing to sell the same COD product because of pricing uncertainty. However, the current draft is generic and does not address the pricing or refusal issue, so human review is appropriate."
14,1014979,1014979,@Tesco Have you got rid of your sweet chilli tortilla wraps? 😱😭,product_availability,product_safety_sensitive,0.1728362417170559,0.0,False,ESCALATE,Safety-sensitive issue requires human review before responding.,"Thanks for contacting Tesco. Because your message concerns a potentially safety-sensitive product issue, a colleague should review this before any further action.",0.2818980694529269,5,"[{""rank"": 1, ""similarity"": 0.28189806945292695, ""conversation_id"": ""1450206"", ""customer_message"": ""@Tesco hi, have you got rid of the 'search with a shopping list' option when doing online grocery shopping?"", ""tesco_response"": ""@456523 Please clear your web browser history and the cache and cookies and you should see our new updated site. Thanks - Murray 2/2""}, {""rank"": 2, ""similarity"": 0.2749217140030583, ""conversation_id"": ""89616"", ""customer_message"": ""@Tesco Why have you stopped doing the sweet chilli chicken wraps on the meal deal Range?"", ""tesco_response"": ""@135389 Hi Tommy, please could you advise if this is the correct one? https://t.co/K8gt6xQ59T. It's still showing as it is in the deal. What store do you use? - Allyn""}, {""rank"": 3, ""similarity"": 0.26432793172254043, ""conversation_id"": ""2554302"", ""customer_message"": ""@Tesco Yes. I have @414479 sweet chilli sauce with them. Incredible. 👌"", ""tesco_response"": ""@725394 Hi David. That does sound really good to be honest. I really want to try it now! I'm glad you like this product so much, and I hope we can continue to provide such great food for you. - Alisha :)""}, {""rank"": 4, ""similarity"": 0.24636413339652286, ""conversation_id"": ""2881658"", ""customer_message"": ""@Tesco please don’t say you’ve got rid of your salted butterscotch cheesecake😭😭😭😭"", ""tesco_response"": ""@799579 Hi Samantha, good news! We are still stocking the cheesecake. Can you tell me which of our stores you visit and I will check the availability in your area, Thanks - Ian""}, {""rank"": 5, ""similarity"": 0.2342477253635899, ""conversation_id"": ""142187"", ""customer_message"": ""Kodi @Tesco what deal have you got on dark Rum?"", ""tesco_response"": ""@148084 Here are the offers available: https://t.co/luXWC0KbC1 Which store would you be looking to buy the rum from and which rum exactly? I'll check the availability there for you. Thanks, Leah.""}]",1,2,AUTO_HANDLE,"The customer is asking about product availability, not a safety issue, so the predicted safety intent is incorrect. The retrieved examples are relevant and show Tesco checking whether a product is still stocked and asking for the customer's store, but the draft is generic and does not address the availability question."
15,1362023,1362023,"@Tesco Given my experience today, it appears some delivery drivers need re-education regarding customer service 😡I am no longer a customer.",store_staff_service,delivery_order,0.3394986976083186,0.3333333333333333,False,ESCALATE,Intent confidence is below the 0.70 threshold.,Thanks for contacting Tesco. We need a colleague to review your message before providing the appropriate response.,0.1707553193654436,5,"[{""rank"": 1, ""similarity"": 0.17075531936544364, ""conversation_id"": ""919557"", ""customer_message"": ""@Tesco it appears your nappy pants no longer suit my little 1. Wet pjs and trousers daily! Would it be possible to return &amp; swap?"", ""tesco_response"": ""@338284 Hey Dani, If you go to the store you bought these from with a receipt you should be able to return them. TY - Rian""}, {""rank"": 2, ""similarity"": 0.16380374188621538, ""conversation_id"": ""2266239"", ""customer_message"": ""@Tesco dear Tesco, Regarding customer service on the checkouts, I had an unpleasant experience today with a colleague who wished to lecture me on the state of the UK after we leave EU. I tried to point out that this discussion was inappropriate for someone buying a bath mat"", ""tesco_response"": ""@659643 Hi Penelope. I'm very sorry to hear this, I appreciate how annoying and upsetting that can be! 1/2""}, {""rank"": 3, ""similarity"": 0.16062756905953793, ""conversation_id"": ""2581061"", ""customer_message"": ""@Tesco seriously have the best delivery drivers!"", ""tesco_response"": ""@731535 Hello Emma, thank you for your kind comments, are there any in particular or is it just a general comment? TY - Chris""}, {""rank"": 4, ""similarity"": 0.1579453999943502, ""conversation_id"": ""1212377"", ""customer_message"": ""Some Tesco delivery drivers are so rude @Tesco."", ""tesco_response"": ""@404559 Hi Linzi, can you DM me what happened, when and where? Ty Andrew""}, {""rank"": 5, ""similarity"": 0.15287245049884765, ""conversation_id"": ""441605"", ""customer_message"": ""@Tesco Hi Natalie I have also called the number given on the delivery sheet and given my feedback - my point is that general guidance should be given to your staff re greeting customers “darling” and “sweetheart “ etc are no longer appropriate update needed 👍"", ""tesco_response"": ""@219730 Hi there, we don't encourage our drivers to use this as a salutation and it seems that this is part of the drivers personality. 1/2""}]",1,2,ESCALATE,"The customer is complaining about a delivery driver's customer-service behavior, so the predicted delivery intent does not capture the main issue. Historical Tesco examples directly support asking what happened, when, and where so the complaint can be investigated, but the draft is generic and does not address the complaint."
16,1298553,1298553,Hey @Tesco I bought a chicken sandwich from my local express yest and had food poisoning for the last 24 hours what’s going on 🤢😩,product_safety_sensitive,product_safety_sensitive,0.4558769688141633,0.0,True,ESCALATE,Safety-sensitive issue requires human review before responding.,"Thanks for contacting Tesco. Because your message concerns a potentially safety-sensitive product issue, a colleague should review this before any further action.",0.208756655736828,5,"[{""rank"": 1, ""similarity"": 0.208756655736828, ""conversation_id"": ""1364886"", ""customer_message"": ""Hey @Tesco"", ""tesco_response"": ""@437783 Hi Pablo""}, {""rank"": 2, ""similarity"": 0.1894159026039675, ""conversation_id"": ""1386247"", ""customer_message"": ""Cooking today I bought a chicken discounted at my local Tesco whole chicken for £2.95 excellent value @Tesco Castelnau 2066 good staff"", ""tesco_response"": ""@442582 Wooop! What a bargain. #Enjoy #Winning - Rocsi""}, {""rank"": 3, ""similarity"": 0.18743231773891794, ""conversation_id"": ""2419189"", ""customer_message"": ""Mick’s got food poisoning😷 thanks @Tesco 🙄"", ""tesco_response"": ""@695026 Please can you also ask him to drop us a message with the product packaging his name, address, email &amp; contact number so we can keep this on our records? - Rocsi 3/3""}, {""rank"": 4, ""similarity"": 0.18011630002319967, ""conversation_id"": ""1849281"", ""customer_message"": ""@Tesco Still no email been nearly 24 hours now"", ""tesco_response"": ""@553703 Hi there, I have sent you a private message. Neil""}, {""rank"": 5, ""similarity"": 0.17860405449842265, ""conversation_id"": ""2404227"", ""customer_message"": ""@Tesco Not much chicken on my Tesco Just Chicken sandwich... #hungryteacher #morechickenplease https://t.co/pXteZAZL41"", ""tesco_response"": ""@691576 Hi Kathryn, I'm sorry to see that your chicken sandwich portion isn't the best. I understand your frustrating this is for you, I would like to log your feedback and have you refunded. Can you DM me the following details? 1/2""}]",1,2,ESCALATE,"The safety-sensitive intent is correctly identified because the customer reports food poisoning after consuming a Tesco chicken sandwich. Historical evidence includes a closely related food-poisoning case where Tesco requested product packaging and customer details for records, but the draft is generic and does not address the reported illness or gather the relevant information."
17,1007195,1007195,"@Tesco Hello, I didn't receive a 10p petrol voucher with my click &amp; collect this week?? How do I get this? Many thanks",delivery_order,delivery_order,0.2986060820441561,0.6666666666666666,True,ESCALATE,Intent confidence is below the 0.70 threshold.,Thanks for contacting Tesco. We need a colleague to review your message before providing the appropriate response.,0.2745450346728179,5,"[{""rank"": 1, ""similarity"": 0.27454503467281793, ""conversation_id"": ""1943817"", ""customer_message"": ""@Tesco How do I go about a refund for this from my click&amp;collect shopping please? https://t.co/z42aikqmZI"", ""tesco_response"": ""@310495 Hi Nick, oh dear! :( I can understand your disappointment. If you could DM your full name, full address &amp; email, I'll get these refunded. TY https://t.co/py5Z991Bme""}, {""rank"": 2, ""similarity"": 0.23142425626948068, ""conversation_id"": ""1018884"", ""customer_message"": ""@Tesco not happy that I've not received my 10p fuel voucher with my delivery yesterday. How can I get this? Thanks"", ""tesco_response"": ""@361086 Hi Doug, if you can DM your name, address &amp; email, I'll have one sent out to you. :) - Danny""}, {""rank"": 3, ""similarity"": 0.22053331199162718, ""conversation_id"": ""1612297"", ""customer_message"": ""@Tesco Hello?"", ""tesco_response"": ""@494771 Hello Paul! Really sorry you are having issues with booking a slot online. Can you please DM me a few details and we can look into this? 1/2""}, {""rank"": 4, ""similarity"": 0.22053331199162718, ""conversation_id"": ""1046737"", ""customer_message"": ""@Tesco Hello!?"", ""tesco_response"": ""@367423 Hi Ella-Jane. I've picked up your DM now and will have a look and reply to you shortly. Charlotte""}, {""rank"": 5, ""similarity"": 0.22053331199162718, ""conversation_id"": ""2357027"", ""customer_message"": ""@Tesco Hello?"", ""tesco_response"": ""@680887 Hi Brad, can you please elaborate on the issue to hand? Please also DM your full name, address and email so we may record any feedback. - Helena https://t.co/py5Z991Bme""}]",1,2,AUTO_HANDLE,"The delivery intent is correctly identified, and the retrieved evidence contains a nearly identical Tesco case where the missing 10p fuel voucher was handled by requesting customer details and sending the voucher. The draft is generic and does not address the missing voucher or explain the next step."
18,2531,2512,@Tesco If you can actually get onto the website to order ......,delivery_order,delivery_order,0.3559585177431102,0.0,True,ESCALATE,Intent confidence is below the 0.70 threshold.,Thanks for contacting Tesco. We need a colleague to review your message before providing the appropriate response.,0.2205088048304921,5,"[{""rank"": 1, ""similarity"": 0.22050880483049212, ""conversation_id"": ""611512"", ""customer_message"": ""Why have I been in a waiting room to get onto the @Tesco direct website for 3 hours to buy one Christmas present🤔 #bitshit #BlackFriday"", ""tesco_response"": ""@265400 Sorry Justine! Have you been able to access the website yet? What was it you were looking to buy? TY - Elise""}, {""rank"": 2, ""similarity"": 0.22010554013519862, ""conversation_id"": ""1874399"", ""customer_message"": ""@Tesco No, it's always the same. Just poor layout of the roads/car park. 35 minutes to get onto the main road."", ""tesco_response"": ""@559567 Hi Owen, I assume you're referring to the traffic lights at the end? It may be worth contacting your local council about this. - Mart""}, {""rank"": 3, ""similarity"": 0.20484576924155679, ""conversation_id"": ""1359026"", ""customer_message"": ""wow out did yourself again @Tesco another switch offer that you can't actually buy! #con #nintendoswitch"", ""tesco_response"": ""@436850 Hi Stacie, can you please elaborate, so I can look into this for you? Store details and photos of adverts/promotions would be handy. TY""}, {""rank"": 4, ""similarity"": 0.20177326760328448, ""conversation_id"": ""444567"", ""customer_message"": ""@Tesco Being trying to get onto Tesco Direct website for an hour now"", ""tesco_response"": ""@119917 Hi Daniel, thanks for getting in touch. At the moment it's still showing at full price, we won't know until Friday whether it will reduce in price. As soon as we have information we'll advertise this where we can. Thanks, Jessica.""}, {""rank"": 5, ""similarity"": 0.18874932688423984, ""conversation_id"": ""2015286"", ""customer_message"": ""Just spent an hour on my @Tesco order only for the website to go down!"", ""tesco_response"": ""@595923 Hi Laura, I'm sorry for the late reply. We're having a few issues on our website. Have you tried again recently? Thanks - Luciano""}]",1,2,ESCALATE,"The customer is experiencing difficulty accessing the Tesco website while trying to place an order. The delivery intent does not fully capture the website-access issue, although the retrieved evidence includes similar Tesco website problems. The draft is generic and does not acknowledge or address the website issue, so escalation is appropriate."
19,720466,720466,@Tesco I bought a Microsoft office from Stockport Tesco extra. Microsoft say it is not activated. Store won't help. What can I do?,product_information_policy,product_availability,0.2904970916396331,0.0,False,ESCALATE,Intent confidence is below the 0.70 threshold.,Thanks for contacting Tesco. We need a colleague to review your message before providing the appropriate response.,0.1862833526153236,5,"[{""rank"": 1, ""similarity"": 0.18628335261532367, ""conversation_id"": ""1565280"", ""customer_message"": ""@Tesco Tesco extra ex312as"", ""tesco_response"": ""@483240 Hi Ryan, I have just been on the phone to the store and the largest jeans sold is now size 38/32. 1/2""}, {""rank"": 2, ""similarity"": 0.16998925054786349, ""conversation_id"": ""1978626"", ""customer_message"": ""@Tesco The website works in Microsoft Edge but not in Chrome and still doesn't."", ""tesco_response"": ""@585839 Hi Annie-Jean, thanks for getting in touch. We are aware of some issues with Chrome and our IT team are currently working on this :) - Dani""}, {""rank"": 3, ""similarity"": 0.16629963200950712, ""conversation_id"": ""1746177"", ""customer_message"": ""I'm at @Tesco in Stockport https://t.co/J6BNOKRYYu"", ""tesco_response"": ""@526467 Hi Sarah! I hope you've been able to purchase everything you were after! :) - Isaac""}, {""rank"": 4, ""similarity"": 0.16108333196384728, ""conversation_id"": ""1457457"", ""customer_message"": ""@Tesco The Tesco extra 👍🏻"", ""tesco_response"": ""@458274 Hi Kate, thanks for send that, can you DM me some other details please? 1/2""}, {""rank"": 5, ""similarity"": 0.151503651244983, ""conversation_id"": ""2718166"", ""customer_message"": ""@Tesco i was billed twice for an apple pay payment, what can i do?"", ""tesco_response"": ""@762867 Hi Patrick, please return to the store you made the purchase to resolve this. - Helena""}]",1,1,ESCALATE,"The customer has a product activation problem and says the store has not been able to help, so the predicted availability intent is incorrect. The retrieved evidence is weakly related and does not show a clear handling pattern for software activation, while the draft is generic and does not address the problem."
20,1462316,1462316,The worst #CustomerService from @Tesco tonight. Not impressed at all. Now I am minus my shopping and without a confirmed time for redelivery. Not good enough. Getting totally sick of the increasingly bad service from retailers.,delivery_order,store_staff_service,0.5116461466106198,0.0,False,ESCALATE,Intent confidence is below the 0.70 threshold.,Thanks for contacting Tesco. We need a colleague to review your message before providing the appropriate response.,0.2569591406137443,5,"[{""rank"": 1, ""similarity"": 0.25695914061374436, ""conversation_id"": ""1122886"", ""customer_message"": ""@Tesco Not good enough 🙄"", ""tesco_response"": ""@384828 Hi Sammy, I'm sorry that you're unhappy. We've asked our colleagues to be more vigilant when checking our facilities in the future. TY-Paul""}, {""rank"": 2, ""similarity"": 0.19102130007747428, ""conversation_id"": ""2217025"", ""customer_message"": ""@Tesco @117249 I’ve done it! Really not impressed at all!"", ""tesco_response"": ""@647718 That's great thanks Hannah. I've responded to your DM. Kind regards - Ross""}, {""rank"": 3, ""similarity"": 0.17281834050310763, ""conversation_id"": ""1751669"", ""customer_message"": ""Not good enough @Tesco @122232 #DamagedBox https://t.co/oPl3FkC53A"", ""tesco_response"": ""@527764 Hi Chris, I'm really sorry to see this. I've responded to your DM to follow up on this for you. Best wishes. Mike.""}, {""rank"": 4, ""similarity"": 0.1564115230432666, ""conversation_id"": ""166596"", ""customer_message"": ""Shockingly bad service from @tesco, be cautious when ordering from this joke of a retailer!"", ""tesco_response"": ""@154696 Hello Gav, I am sorry you have had a poor experience with our Home Delivery Service. Can you please elaborate in a DM and include your full name, address and email. TY - Chris""}, {""rank"": 5, ""similarity"": 0.15262495520833194, ""conversation_id"": ""2471806"", ""customer_message"": ""Great service from @Tesco customer service....dealt with my complaint swiftly and without any hassle. Thank you, credit where it's due 👍"", ""tesco_response"": ""@703672 Hi Jen, it's fantastic to hear that you were pleased with the service you received from our Customer Service team. Enjoy the rest of your day :) - Darren""}]",1,2,ESCALATE,"The customer is reporting a failed home-delivery experience and missing redelivery information, so the predicted store/staff intent is incorrect. Historical evidence includes a closely related home-delivery complaint that was followed up by asking for customer details, but the current draft is generic and does not address the missing shopping or redelivery issue, so escalation is appropriate."
21,38919,38919,Hi @Tesco bought a salad bowl from you and found a piece of plastic it in. I don’t think that’s one of my five a day. #hazard #foodsafety https://t.co/YTCPitgd64,product_safety_sensitive,product_safety_sensitive,0.790844568790882,1.0,True,ESCALATE,Safety-sensitive issue requires human review before responding.,"Thanks for contacting Tesco. Because your message concerns a potentially safety-sensitive product issue, a colleague should review this before any further action.",0.2222790506614051,5,"[{""rank"": 1, ""similarity"": 0.22227905066140513, ""conversation_id"": ""2253213"", ""customer_message"": ""@Tesco Just eaten one of your pepper mix stir-fry’s and found a piece of glass in it!! https://t.co/tVnyqWo0AS"", ""tesco_response"": ""@656392 Hi Tom. I'm sorry there was glass in your stir-fry. I understand how concerning this must have been. Can you please return the product, packaging and your receipt to any Metro, Extra or Superstore so this can be sent to our supplier? 1/2""}, {""rank"": 2, ""similarity"": 0.19015264230372858, ""conversation_id"": ""1955410"", ""customer_message"": ""@tesco and another piece of #plastic from you that is not recyclable #tesco #packaging #environment https://t.co/ux8mkbsixK"", ""tesco_response"": ""@322987 Hi, I'm sorry to learn that there is a lack of recycling information on the pack.I will log your feedback on our system for review. 1/2""}, {""rank"": 3, ""similarity"": 0.18416051269182476, ""conversation_id"": ""1026510"", ""customer_message"": ""Nice piece of plastic in my chicken :( @Tesco https://t.co/xG6KmRM7tc"", ""tesco_response"": ""@362891 Hi, I'm awfully sorry you found a piece of plastic in your chicken this is really concerning. Can you please return it with your receipt?1/3""}, {""rank"": 4, ""similarity"": 0.1817014254418232, ""conversation_id"": ""535388"", ""customer_message"": ""@Tesco just bought a sandwich from an express in Thamesmead and found this... and piece of blue plastic 🤢 https://t.co/Feb7Hb3eyN"", ""tesco_response"": ""@244042 I'm sorry we missed that Chelsea, I know we sometimes use blue plastic to cover the ingredients, before they’re added to the product . It’s almost certainly where this piece has come from. 1/2""}, {""rank"": 5, ""similarity"": 0.18098193866897885, ""conversation_id"": ""2126932"", ""customer_message"": ""@Tesco, I’ve found a piece of rouge pasta in my pasta!!! The poor piece of fusilli wants to go back to its own packet/family!! #FusilliDontLikePenne #WrongPacket #LoneFusilli #FreeTheFusilli"", ""tesco_response"": ""@626262 Hi Jess, we all know what you call a fusilli in a packet of penne ... an im-pasta! - Thanks for letting us know - Tyler""}]",1,2,ESCALATE,"The safety-sensitive intent is correctly identified because the customer found a piece of plastic in food and explicitly raises a food-safety concern. Historical evidence contains closely matching foreign-object cases where Tesco requested the product, packaging, receipt, and further details, but the draft is generic and does not address the safety incident or gather the necessary information."
22,113900,113900,Single use plastic spoon @Tesco https://t.co/J3JaFM4m4V,product_information_policy,product_safety_sensitive,0.7725031997195078,0.6666666666666666,False,ESCALATE,Safety-sensitive issue requires human review before responding.,"Thanks for contacting Tesco. Because your message concerns a potentially safety-sensitive product issue, a colleague should review this before any further action.",0.5582362115706972,5,"[{""rank"": 1, ""similarity"": 0.5582362115706972, ""conversation_id"": ""149435"", ""customer_message"": ""More unnecessary single use #plastic from @Tesco https://t.co/2aCMCCypnm"", ""tesco_response"": ""@150054 Hi Tim, I'm sorry you aren't happy with the packaging. We've been tracking the amount of packaging we use by looking at the average weight of packaging per unit sold. Since 2007 we've reduced packaging by 37% on loose and packaged food 1/2""}, {""rank"": 2, ""similarity"": 0.3548193836323188, ""conversation_id"": ""1956737"", ""customer_message"": ""@Tesco what are you doing to reduce the use of single use plastic in the product lines you carry? #reducewaste"", ""tesco_response"": ""@115957 Hi Sarah, we've been tracking the amount of packaging we use by looking at the average weight of packaging per unit sold. 1/2""}, {""rank"": 3, ""similarity"": 0.33979861595996674, ""conversation_id"": ""1286567"", ""customer_message"": ""@Tesco https://t.co/Y8mxq8qivZ any use?"", ""tesco_response"": ""@420913 Hi there, sadly I have already tried that. I will be back in touch once I have any updates for you. Thanks - Callum""}, {""rank"": 4, ""similarity"": 0.3017275208339455, ""conversation_id"": ""1585491"", ""customer_message"": ""@Tesco https://t.co/iHLXh28AGh"", ""tesco_response"": ""@487823 Hi Chris. I've replied to your DM. Thanks - Chris.""}, {""rank"": 5, ""similarity"": 0.3017275208339455, ""conversation_id"": ""1175468"", ""customer_message"": ""@Tesco ☺️ https://t.co/VLohrPRxWr"", ""tesco_response"": ""@396507 Hi Leanna, Unfortunately I've had a look through all the stores in that area and none of them stock this item. Thanks - Lee""}]",1,2,ESCALATE,"The customer is raising a question/concern about single-use plastic, not reporting a safety incident, so the predicted safety intent is incorrect. The retrieved evidence is highly relevant and shows Tesco historically explaining its packaging-reduction efforts, but the draft is generic and does not address the customer's concern."
23,765196,765196,@Tesco just sat down to eat our tea and found this. To say we feel physically sick is an understatement! 🤢 https://t.co/VdKFjAiwn6,product_safety_sensitive,product_safety_sensitive,0.2210478109988062,0.0,True,ESCALATE,Safety-sensitive issue requires human review before responding.,"Thanks for contacting Tesco. Because your message concerns a potentially safety-sensitive product issue, a colleague should review this before any further action.",0.2781462752931401,5,"[{""rank"": 1, ""similarity"": 0.2781462752931401, ""conversation_id"": ""1495648"", ""customer_message"": ""@Tesco to say I'm bitterly disappointed is an understatement #major letdown"", ""tesco_response"": ""@467273 Not a good start to a weekend! Care to elaborate, David? TY - Leighton""}, {""rank"": 2, ""similarity"": 0.22567006968929762, ""conversation_id"": ""1451676"", ""customer_message"": ""@Tesco got these as a snack for my son today. Only a week out of date... To say I'm not impressed is an understatement! https://t.co/ly4j9C6PXY"", ""tesco_response"": ""@456881 Finally I'll need the bottom most row of digits from the receipt, then I can call the store so they can check their stock - Nick 3/3""}, {""rank"": 3, ""similarity"": 0.21154406683406893, ""conversation_id"": ""461646"", ""customer_message"": ""@Tesco The store have apparently reordered one, though I have no timescale. To say I'm not happy is an understatement."", ""tesco_response"": ""@224665 Hi Emma, I'm glad to hear the store are sorting this for you. If you need any further help from us here please let us know. - Aaron""}, {""rank"": 4, ""similarity"": 0.2087738025951058, ""conversation_id"": ""1904414"", ""customer_message"": ""@Tesco To say I’m disappointed with your complaint management is an understatement. Fobbed off by email assistance. Awful."", ""tesco_response"": ""@567516 I'm sorry you're unhappy with the service you've had via email Faith, it's best to respond expressing this so the issue can be escalated.""}, {""rank"": 5, ""similarity"": 0.1723446626484746, ""conversation_id"": ""2755052"", ""customer_message"": ""@Tesco just sat down to enjoy some @233414 &amp; dip (Garlic &amp; Onion) and it is definitely off and incredibly runny. I ended up wearing most of it... https://t.co/T1wZ0S1qrE"", ""tesco_response"": ""@771135 Please let us know preference of receiving a Moneycard, via post or via e-mail. TY - Eve 3/3""}]",1,1,ESCALATE,"The safety-sensitive intent is correctly identified, but the retrieved evidence is only partially relevant because it does not clearly reveal what caused the customer's reaction. The draft is generic and does not acknowledge the reported issue or gather the product details needed for investigation, so human review is appropriate."
24,497774,497774,"@Tesco you might want to check you stock at the st oswalds branch, just brought these home, look at the date! https://t.co/ZhxKrHZT22",product_quality,product_availability,0.3059311564846739,0.0,False,ESCALATE,Intent confidence is below the 0.70 threshold.,Thanks for contacting Tesco. We need a colleague to review your message before providing the appropriate response.,0.2840997848626487,5,"[{""rank"": 1, ""similarity"": 0.28409978486264875, ""conversation_id"": ""572687"", ""customer_message"": ""@Tesco you might want to go a bit easy on the packaging https://t.co/G0sUv9Ymon"", ""tesco_response"": ""@254571 Oh dear! :O Certainly strange, I'd like to document your feedback, to do this can you DM your full name, email and barcode? Ty - James https://t.co/py5Z991Bme""}, {""rank"": 2, ""similarity"": 0.2666588751727137, ""conversation_id"": ""2957904"", ""customer_message"": ""@Tesco I just bought this bread and look at the date! 😔 https://t.co/WrQNoHbXST"", ""tesco_response"": ""@816424 Could you DM me your name, address/email address along with the product barcode and picture of the bottom of your receipt? I'll log this and send you out a Moneycard to refund you for the bread. Thanks - Peter 2/2""}, {""rank"": 3, ""similarity"": 0.25756985700039164, ""conversation_id"": ""2253257"", ""customer_message"": ""@Tesco you might want to get your Macclesfield store to check the rest of the dates on these. Bought this today and it's nearly a month out of date https://t.co/pQc1PgefAW"", ""tesco_response"": ""@656403 Can you send your name, address, postcode, barcode, batch code and a full photo of your receipt with the row of numbers along the bottom. Lastly do you mind if we pass your details onto our suppliers? Thanks - Callum 2/2""}, {""rank"": 4, ""similarity"": 0.25077481463611895, ""conversation_id"": ""2687233"", ""customer_message"": ""@Tesco Might want to advise Canwick Road, Lincoln store to check the date. Purchased today. https://t.co/j6sXTKOQKU"", ""tesco_response"": ""@755640 If you could please DM your full name, full address, receipt details (price paid and numbers at the bottom) and email address? Once I have all this I will get this fully logged and send you out a refund. Thanks - Lee 2/2""}, {""rank"": 5, ""similarity"": 0.2408400860958872, ""conversation_id"": ""1872655"", ""customer_message"": ""Dear @Tesco, you might want to check this translation again in your Tesco Extra in #Cardiff, close but completely different...🤔😬 #Cymraeg https://t.co/7xLzmjH6bH"", ""tesco_response"": ""@559189 @39267 @175709 Hi Rhydian, I'm sorry the signage is incorrect. I've passed this to my support team to investigate. TY - Paul""}]",1,2,ESCALATE,"The customer is reporting an out-of-date product and asking Tesco to check the store stock, so the predicted availability intent is incorrect. Multiple historical examples show Tesco investigating date-related product issues and requesting product, receipt, and store details, but the draft is generic and does not address the issue or explain the next steps."
25,938336,938336,Ooh thanks @Tesco for this lovely #vegan wine thoroughly recommend it 😊 https://t.co/wFnGbzEe7c,feedback_suggestion,product_safety_sensitive,0.2048186485711285,0.0,False,ESCALATE,Safety-sensitive issue requires human review before responding.,"Thanks for contacting Tesco. Because your message concerns a potentially safety-sensitive product issue, a colleague should review this before any further action.",0.263203012640777,5,"[{""rank"": 1, ""similarity"": 0.26320301264077706, ""conversation_id"": ""2831190"", ""customer_message"": ""thanks @Tesco https://t.co/mEBFfguI3N"", ""tesco_response"": ""@788324 I'm sorry for the inconvenience, did you receive this as change from a manned checkout or self service? Do you have your receipt? I can feed this back to the Management Team if necessary. Please be assured the note will still be accepted.""}, {""rank"": 2, ""similarity"": 0.26320301264077706, ""conversation_id"": ""2637522"", ""customer_message"": ""Thanks @Tesco https://t.co/lS0pSlelox"", ""tesco_response"": ""@744427 Hi Oliver, well, 13 may be an unlucky number, but you did get one extra.... Merry Christmas I guess? :) Thanks - David""}, {""rank"": 3, ""similarity"": 0.24564262436069287, ""conversation_id"": ""878909"", ""customer_message"": ""Thanks @Tesco for these amazing #Vegan chocolates! https://t.co/XiLBWuqNrW"", ""tesco_response"": ""@328661 Hi Helen, we are really glad your loving the vegan chocolates. Have a great evening. Thanks - Mark""}, {""rank"": 4, ""similarity"": 0.2188714532287974, ""conversation_id"": ""1747524"", ""customer_message"": ""@Tesco thanks tesco"", ""tesco_response"": ""@267103 No probs! Any of them catch your eye?""}, {""rank"": 5, ""similarity"": 0.2188714532287974, ""conversation_id"": ""987434"", ""customer_message"": ""@Tesco Thanks Tesco!"", ""tesco_response"": ""@353976 Glad to be of help! Let us know how you get on if you give it a go 😊""}]",1,2,ESCALATE,"The customer is reporting an out-of-date product and asking Tesco to check the store stock, so the predicted availability intent is incorrect. Multiple historical examples show Tesco investigating date-related product issues and requesting product, receipt, and store details, but the draft is generic and does not address the issue or explain the next steps."
26,38283,38283,So gross. Eating a white chocolate cookie from @Tesco and it’s got a long thick dark hair in it🤢🤢 https://t.co/2dhdFKwiSt,product_safety_sensitive,product_safety_sensitive,0.2217019493017107,0.0,True,ESCALATE,Safety-sensitive issue requires human review before responding.,"Thanks for contacting Tesco. Because your message concerns a potentially safety-sensitive product issue, a colleague should review this before any further action.",0.2319425828357025,5,"[{""rank"": 1, ""similarity"": 0.23194258283570254, ""conversation_id"": ""149421"", ""customer_message"": ""The raspberry and white chocolate yum yums from @Tesco are so good !"", ""tesco_response"": ""@150052 New favourite treat Lauren? What's the best way to enjoy them....with a cuppa? ☕""}, {""rank"": 2, ""similarity"": 0.22778300282125652, ""conversation_id"": ""1952324"", ""customer_message"": ""Gross @Tesco https://t.co/OuKzQmQEhi"", ""tesco_response"": ""@579732 Hi David, I am sorry to see this, can you let me know which store this is? I can then give them a call regarding this, Ty, Andy""}, {""rank"": 3, ""similarity"": 0.21286011278529338, ""conversation_id"": ""620451"", ""customer_message"": ""@Tesco my boyfriend found a dark hair in your own brand packet of crisps that i bought today 😬 https://t.co/T2JAzh9TzE"", ""tesco_response"": ""@267266 I'm sorry to see there was a hair in the crisps you purchased. I can understand how concerning this must be for you both. Please can you return the packet, hair and receipt back to my colleagues in your local Tesco Extra/Superstore? 1/2 https://t.co/py5Z991Bme""}, {""rank"": 4, ""similarity"": 0.20664116569694174, ""conversation_id"": ""2162730"", ""customer_message"": ""@Tesco what happened to the Peppermint White Chocolate drizzled popcorn?? They were mouthgasmic."", ""tesco_response"": ""@635027 Hi Jan, I can check this out for you, can you please let me know the store you normally shop in? 2/2""}, {""rank"": 5, ""similarity"": 0.20049586798726363, ""conversation_id"": ""1265884"", ""customer_message"": ""@Tesco I just found a hair in my Leek and Potato soup and I definitely don't have short dark hair 😷😠 https://t.co/svYEUJQyRY"", ""tesco_response"": ""@416422 Please can you return to one of our Extra stores with the foreign body, packaging and receipt? 2/4""}]",1,2,ESCALATE,"The safety-sensitive intent is correctly identified because the customer found a foreign object in food. Historical evidence contains closely matching hair/foreign-body cases where Tesco requested the product, packaging, and receipt for investigation, but the draft is generic and does not address the incident or provide the relevant next steps."
27,138320,138320,@Tesco hi. My dad is ordering an item on online but when in checkout it isn’t applying his staff discount. His account is set up with his colleague club card details. What is he doing wrong ?,pricing_payment,store_staff_service,0.2399982038469106,0.3333333333333333,False,ESCALATE,Intent confidence is below the 0.70 threshold.,Thanks for contacting Tesco. We need a colleague to review your message before providing the appropriate response.,0.2054291611769726,5,"[{""rank"": 1, ""similarity"": 0.20542916117697263, ""conversation_id"": ""1628646"", ""customer_message"": ""thanks @Tesco Sudbury for helping my dad with his iphone issue (big fingers!) yesterday, much appreciated 😘"", ""tesco_response"": ""@354575 Hi Lesley, I am glad to know my colleagues in store were able to help your dad. - Megan""}, {""rank"": 2, ""similarity"": 0.17382554200172523, ""conversation_id"": ""1131524"", ""customer_message"": ""@Tesco What’s his offer"", ""tesco_response"": ""@386656 No Deal 📦🚫""}, {""rank"": 3, ""similarity"": 0.16206554794922418, ""conversation_id"": ""1234795"", ""customer_message"": ""Thank you @Tesco as my club card plus account is closed I have received a cheque for £1.17, drinks are on me!"", ""tesco_response"": ""@409622 Hi David, I hope you make the most of it! Don't spend it all at once! TY - Martin""}, {""rank"": 4, ""similarity"": 0.14887471165676838, ""conversation_id"": ""2820812"", ""customer_message"": ""@Tesco my Dad had an email from __email__ about a clubcard voucher that’s about the expire. I’ve checked his account and he doesn’t. Is this email real or a scam?"", ""tesco_response"": ""@266868 Hi Sarah, please ask your Dad to contact us directly from his social media account or email __email__. Alternatively call my colleagues on 0800 591688 / 0330 1231688 for further assistance. TY - Joanne""}, {""rank"": 5, ""similarity"": 0.14515011145060774, ""conversation_id"": ""887978"", ""customer_message"": ""@Tesco hi, I'm trying to put my college club card details into my account and it won't let me. I'd also like to merge my old and new card."", ""tesco_response"": ""@330843 Can you also confirm what error you were getting when trying to update your account? Kind regards - Rhys 2/2""}]",1,1,ESCALATE,"The customer is asking about a staff discount not being applied at checkout, so the predicted store/staff intent does not capture the main pricing issue. The retrieved evidence is only weakly related, with one account-related example but no clear historical pattern for staff-discount checkout problems. The draft is generic and does not address the issue."
28,168065,168064,@Tesco Sorry don’t know what happened! Yea was at Tesco parkhead (Glasgow) tonight and the car park was like an ice rink and should maybe be gritted. I did say in store but no one seemed bothered! Thanks,store_staff_service,product_availability,0.2175841305275416,0.0,False,ESCALATE,Intent confidence is below the 0.70 threshold.,Thanks for contacting Tesco. We need a colleague to review your message before providing the appropriate response.,0.2115735374894524,5,"[{""rank"": 1, ""similarity"": 0.2115735374894524, ""conversation_id"": ""2140731"", ""customer_message"": ""Can you volunteer for @Tesco Parkhead foodback?👇 https://t.co/M8AQcI3Ev5"", ""tesco_response"": ""@629521 Hi there, if you follow this link it will show you what we do at Tesco to reduce food waste https://t.co/wZJElAtaNv TY - Megan""}, {""rank"": 2, ""similarity"": 0.18871609338168488, ""conversation_id"": ""948503"", ""customer_message"": ""@Tesco The soft salt wasn't visable, but the ice in the car park was visable."", ""tesco_response"": ""@344936 Unfortunately due to the freezing temperatures the ice has still managed to come through. Is there anything else I can help you with today? Thanks, Calum 2/2""}, {""rank"": 3, ""similarity"": 0.17943566532962468, ""conversation_id"": ""2935499"", ""customer_message"": ""@Tesco Dawn from Tesco I don't know what dm is???"", ""tesco_response"": ""@136379 I've sent you a DM Duncan! TY - Eilish""}, {""rank"": 4, ""similarity"": 0.17141950005612083, ""conversation_id"": ""2615634"", ""customer_message"": ""@Tesco If I’d seen someone I would’ve said something! It was about midday when the car park was rammed!!"", ""tesco_response"": ""@739362 Hi Renata, I'm really sorry to learn that this has happened. I have spoken to the stores duty manager and he will be looking into this and making his staff aware so this doesn't happen again. Thanks - Lee""}, {""rank"": 5, ""similarity"": 0.1691168742224854, ""conversation_id"": ""1853866"", ""customer_message"": ""@Tesco Hi I went to your Long Eaton Extra store at 11:28pm and the car park was chained off? Even though the store is meant to open till 12"", ""tesco_response"": ""@554714 Hi Lewis, our colleagues close the one entrance off at 11pm, however you should be able to enter at the other entrance - Allyn""}]",1,2,ESCALATE,"The customer is reporting a store-service and safety-related car-park condition that was already raised in store, so the predicted product-availability intent is incorrect. Historical evidence includes closely related car-park cases involving store management follow-up, but the draft is generic and does not acknowledge the issue or explain the next steps."
29,29141,29141,".@tesco and @sainsburys, why have supplies of Dunn's River jerk seasoning dried up?",product_availability,product_availability,0.2471702462357363,0.6666666666666666,True,ESCALATE,Intent confidence is below the 0.70 threshold.,Thanks for contacting Tesco. We need a colleague to review your message before providing the appropriate response.,0.2604141806405537,5,"[{""rank"": 1, ""similarity"": 0.2604141806405537, ""conversation_id"": ""461504"", ""customer_message"": ""@Tesco @sainsburys why have you stopped stocking own brand decaffeinated cola? I can't have caffeine on doctor's orders."", ""tesco_response"": ""@224659 @sainsburys Hi Helen, we still have this stocked. Can you DM us your postcode so we can locate the closest stock to you? Kind regards - Rhys""}, {""rank"": 2, ""similarity"": 0.21709517853596122, ""conversation_id"": ""2265869"", ""customer_message"": ""@Tesco can you tell me if any of your shops in the Edinburgh area sell Caribbean foods such as Dunn’s river jerk seasoning?"", ""tesco_response"": ""@605524 Hi there, thanks for getting in touch. Could you please DM me your postcode so I can search for the nearest store that may stock it to yourself? TY - Paul""}, {""rank"": 3, ""similarity"": 0.2144028155059367, ""conversation_id"": ""843340"", ""customer_message"": ""@Tesco @sainsburys why don't you have gluten free sections in all your stores? 😩😭"", ""tesco_response"": ""@320547 Hi Jaeemaa, l'm sorry you've been unable to locate a gluten free section. Can you let me know which store you visited? TY - Joanne""}, {""rank"": 4, ""similarity"": 0.16685676470294564, ""conversation_id"": ""120364"", ""customer_message"": ""Why have @Tesco and @117249 stopped selling bisto parsley sauce?? 😮😧"", ""tesco_response"": ""@142728 Hi Samantha, I'm sorry to hear you've not been able to find this product in our store. If you can DM your full name and address, I can log your interest on this product for internal review. Thanks - Jazzie https://t.co/py5Z991Bme""}, {""rank"": 5, ""similarity"": 0.14176190192475518, ""conversation_id"": ""1065102"", ""customer_message"": ""@Tesco The large one.... the extra one on river way"", ""tesco_response"": ""@371471 Can you let me know what time you were there? They have a couple of Gemmas working at this store. Thanks - Josh 2/2""}]",1,2,AUTO_HANDLE,"The product availability intent is correctly identified, and the retrieved Tesco examples show clear handling patterns for missing or discontinued products, including Dunn’s River jerk seasoning and asking for postcode/store details. The draft is generic and does not answer the availability question or use the relevant evidence."
30,1165207,1165207,"Sunday Funday! @54042 U12’s! ..... this could get very messy!
#IcebergChallenge 😳😬
Thank you SO much @Tesco for supporting #HealthyKids https://t.co/9YCQIJXivF",feedback_suggestion,product_safety_sensitive,0.2125433381108191,0.0,False,ESCALATE,Safety-sensitive issue requires human review before responding.,"Thanks for contacting Tesco. Because your message concerns a potentially safety-sensitive product issue, a colleague should review this before any further action.",0.4286361613329396,5,"[{""rank"": 1, ""similarity"": 0.42863616133293964, ""conversation_id"": ""1151188"", ""customer_message"": ""@Tesco Thank you so much!!"", ""tesco_response"": ""@390900 It's no problem at all Audrey. I'm always happy to help. :) - Alisha.""}, {""rank"": 2, ""similarity"": 0.3410287456671132, ""conversation_id"": ""2362101"", ""customer_message"": ""@Tesco Thank you so much! I have 2 postcodes: BN31HH &amp; CO92PE x"", ""tesco_response"": ""@682055 I'm afraid the rabbit food has been discontinued Charlotte. I would like to register your comments for you. Can you DM your full name address TY - Jayne""}, {""rank"": 3, ""similarity"": 0.30518921637036456, ""conversation_id"": ""1758183"", ""customer_message"": ""@Tesco This recipe is so much better. Thank you very much Tesco 😁🙌"", ""tesco_response"": ""@529301 You're very welcome Rachel! Let us know how you get on :)""}, {""rank"": 4, ""similarity"": 0.304066606473844, ""conversation_id"": ""749087"", ""customer_message"": ""@Tesco thank you so much appreciate your help 👍"", ""tesco_response"": ""@299066 Hi Amanda, you are very welcome! Have a great evening :) Thanks - Clare""}, {""rank"": 5, ""similarity"": 0.30286759707910266, ""conversation_id"": ""2415004"", ""customer_message"": ""@Tesco Perfect. Thank you so much 😁"", ""tesco_response"": ""@256730 Hi Emily, thank you so much for holding off while we find this out for you. If you go to the customer service desk in-store and hand them this number 083810009 you'll be able to order this product in. TY - David""}]",1,2,AUTO_HANDLE,"The customer is expressing positive feedback and thanks rather than reporting a safety issue, so the predicted safety intent is incorrect. The retrieved examples contain closely related Tesco responses to thank-you and praise messages, but the draft incorrectly escalates the message as safety-sensitive instead of acknowledging the positive feedback."
31,1358271,1358271,@Tesco how can I get someone from the uniform embroidery team to respond to my emails about your poor uniform products. Lasted one month! https://t.co/7bwIAY4aYJ,product_quality,store_staff_service,0.1743050584582924,0.3333333333333333,False,ESCALATE,Intent confidence is below the 0.70 threshold.,Thanks for contacting Tesco. We need a colleague to review your message before providing the appropriate response.,0.2195136479868298,5,"[{""rank"": 1, ""similarity"": 0.21951364798682982, ""conversation_id"": ""2950205"", ""customer_message"": ""@813245 Can someone from the real @Tesco respond please."", ""tesco_response"": ""@814740 Hi Kate, I've replied to your DM. Charlotte""}, {""rank"": 2, ""similarity"": 0.20160141785389907, ""conversation_id"": ""2122404"", ""customer_message"": ""@Tesco can someone respond to my mail pls"", ""tesco_response"": ""@625272 I can assure this is not the customer service standard we expect our colleagues to provide. 2/4""}, {""rank"": 3, ""similarity"": 0.19708783382030454, ""conversation_id"": ""1035163"", ""customer_message"": ""@Tesco I need someone to respond urgently to my DM from last night !!! Pls"", ""tesco_response"": ""@256095 Thanks for your patience, we'll pick up your DM #ASAP - Christie""}, {""rank"": 4, ""similarity"": 0.19530607781330128, ""conversation_id"": ""1210809"", ""customer_message"": ""@Tesco @123088 @404208 Please respond to my query."", ""tesco_response"": ""@404207 Hi, thanks for your patience. We use both indoor and outdoor reared pigs in our sausages. None are reared in cages. Charlotte""}, {""rank"": 5, ""similarity"": 0.19142091648106205, ""conversation_id"": ""2475269"", ""customer_message"": ""@Tesco can you please respond to my email thanks"", ""tesco_response"": ""@707635 Hello Kat; when did you email in? The email team aim to respond within 24 hours but are a bit busy at the moment, I'm afraid. Did you email: __email__ ? - Mat""}]",1,1,ESCALATE,"The customer is reporting poor product quality and an unresolved complaint about uniform products, so the predicted store/staff intent is incorrect. The retrieved evidence mainly shows Tesco handling delayed responses and emails rather than the product-quality issue itself, so the evidence is only partially relevant. The draft is generic and does not address the product problem or the unanswered emails, making escalation appropriate."
32,889895,889895,"@Tesco went to local store bought baby vests have been over charged 50p.choose to not have receipt. 
How how others have had this !!!!!",pricing_payment,pricing_payment,0.4027207037004129,0.6666666666666666,True,ESCALATE,Intent confidence is below the 0.70 threshold.,Thanks for contacting Tesco. We need a colleague to review your message before providing the appropriate response.,0.2104559659546738,5,"[{""rank"": 1, ""similarity"": 0.21045596595467386, ""conversation_id"": ""1429999"", ""customer_message"": ""@Tesco I don't have a receipt 🙈"", ""tesco_response"": ""@452110 Hi Milly, can you please confirm when you were overcharged? - Nick""}, {""rank"": 2, ""similarity"": 0.17416557193298213, ""conversation_id"": ""1784168"", ""customer_message"": ""@Tesco think been over-charged for this mediocre Topps product. charged £10 each for item they advertised at £6 in their guide.please advise https://t.co/0DwxeCdwrw"", ""tesco_response"": ""@332161 You will need to raise this with Topps. You're more than welcome to return the products though for a refund if unopened - David 3/3""}, {""rank"": 3, ""similarity"": 0.1636039794993004, ""conversation_id"": ""2240860"", ""customer_message"": ""@Tesco I tried returning it but didn't have the receipt because I used self checkout and choose not to have a receipt. I had to through it out"", ""tesco_response"": ""@653345 What did my colleagues advise you on your visit? Ty - Marian""}, {""rank"": 4, ""similarity"": 0.16023561938301745, ""conversation_id"": ""2921985"", ""customer_message"": ""Every time I shop @Tesco I get home, check my receipts and every time I see that I've been over charged!!!!"", ""tesco_response"": ""@808662 I'm sorry to hear you have been overcharged Richard. Please can you elaborate further in a DM? Can you also enclose a copy of your receipt? TY - Jayne https://t.co/py5Z991Bme""}, {""rank"": 5, ""similarity"": 0.1538413317233946, ""conversation_id"": ""342908"", ""customer_message"": ""@197636 @Tesco I went to Morrisons! How can a big supermarket run out of milk! 😳"", ""tesco_response"": ""@197635 Hi Leanne, What kind of SMA baby milk was it? regards - Stacey""}]",1,2,AUTO_HANDLE,"The pricing intent is correctly identified, and the retrieved evidence contains closely related Tesco overcharge cases, including cases without receipts where Tesco asked for further details. The draft is generic and does not address the 50p overcharge or explain how the customer can resolve it."
